Workbook

Sheet 使用说明
B2: 期货复盘日志 —— 使用说明
B4: 这份表配合 futures_lab 系统使用：每天花几分钟，把系统页面上已经算好的数字抄过来，再手写几句自己的判断，长期积累下来，一是能验证系统给出的信号准不准，二是能给案例库（/admin 里的 Case 表）积累原始素材——具体怎么把日常记录升级成正式案例，见本说明最后一段。
B6: 「每日复盘」sheet 里两种颜色的列，含义不一样：
B7: 蓝色表头的列 —— 抄数据。打开对应品种的详情页（例如 http://127.0.0.1:5000/variety/SA），把页面上卡片里已经算好的数字/状态原样抄过来，不需要自己判断，几秒钟一列。
B8: 黄色表头的列 —— 写判断。这些系统算不出来，需要自己当天观察、当天写，是复盘真正花心思的地方（比如市场情绪、有没有新政策、自己的操作是否符合原则）。
B10: 「每日复盘」每一列具体从哪里抄、怎么填：
B11: ● 日期 / 品种代码
B12: 当天日期 + 品种代码（SA/FG/M...），一个品种一行，同一天多个品种就分几行填。
B13: ● 收盘价 / 涨跌幅(%)
B14: 品种详情页顶部「价格快照」，涨跌幅=（今日收盘-昨日收盘）/昨日收盘。
B15: ● 价格分位数 / 所处区间 / 是否极端 / 极端持续天数
B16: 品种详情页「事前状态」卡片里价格维度那一组：分位数、方向（高位/低位）、是否标了「极端区间」、连续天数。
... B47: 「月度统计」sheet 是自动统计（用公式，不需要手填），按月汇总composite结论的分布和留痕候选的次数，方便你自己评估这段时间系统给出的判断是偏多还是偏空、留痕的案例攒了多少条——这也是前面聊到的「系统到底准不准」的一种最简单的自查方式：多攒几个月的记录，回头对照实际走势，就能看出composite的判断整体上站不站得住脚。

Sheet 每日复盘
A1: 日期 | B1: 品种代码 | C1: 收盘价 | D1: 涨跌幅(%) | E1: 价格分位数 | F1: 价格所处区间 | G1: 价格是否极端 | H1: 价格极端持续天数 | I1: 利润分位数 | J1: 利润所处区间 | K1: 利润是否极端 | L1: 利润极端持续天数 | M1: 筹码信号是否触发 | N1: 筹码信号方向 | O1: 基差值 | P1: 基差状态 | Q1: 持仓量 | R1: 仓单量 | S1: 现状体检异常项 | T1: 系统composite结论 | U1: composite置信度 | V1: 是否匹配历史案例 | W1: 匹配案例风险回报参考 | X1: 今日新增事件/政策 | Y1: 市场当天主流解读 | Z1: 系统未覆盖的异常信息 | AA1: 今日交易操作 | AB1: 是否符合交易原则 | AC1: 是否留痕候选 | AD1: 留痕理由/关键要素 | AE1: 备注
A2: 46244 | B2: SA(示例行，请勿删除表头，往下另起新行填写) | C2: 1446 | D2: -1.7 | E2: 2 | F2: 低位 | G2: 是 | H2: 56 | I2: 92 | J2: 利润极高 | K2: 是 | L2: 30 | M2: 否 | N2: 无 | O2: -6.6 | P2: 升水 | Q2: 378176 | R2: 11597 | S2: 无 | T2: 多空信号不一致 | U2: 低 | V2: 否 | X2: 无 | Y2: 市场情绪偏空，担心地产走弱压制纯碱需求，同时听说下游玻璃厂检修增多 | Z2: 无 | AA2: 未交易，观望 | AB2: 符合——信号不一致时按原则降低仓位 | AC2: 否 | AE2: 示例行：价格历史低位但利润历史高位同时出现，两条独立通道方向打架，所以系统判定「多空信号不一致/低置信度」，实际操作选择观望。

Sheet 月度统计
A1: 月份 | B1: 记录天数 | C1: 多头因素占优 | D1: 空头因素占优 | E1: 多空信号不一致 | F1: 无明显方向 | G1: 留痕候选次数
A2: 2026-08 | B2: =SUMPRODUCT((TEXT(每日复盘!$A$3:$A$302,"yyyy-mm")=A2)*(每日复盘!$A$3:$A$302<>"")) -> 0 | C2: =SUMPRODUCT((TEXT(每日复盘!$A$3:$A$302,"yyyy-mm")=A2)*(每日复盘!$T$3:$T$302="多头因素占优")) -> 0 | D2: =SUMPRODUCT((TEXT(每日复盘!$A$3:$A$302,"yyyy-mm")=A2)*(每日复盘!$T$3:$T$302="空头因素占优")) -> 0 | E2: =SUMPRODUCT((TEXT(每日复盘!$A$3:$A$302,"yyyy-mm")=A2)*(每日复盘!$T$3:$T$302="多空信号不一致")) -> 0 | F2: =SUMPRODUCT((TEXT(每日复盘!$A$3:$A$302,"yyyy-mm")=A2)*(每日复盘!$T$3:$T$302="无明显方向")) -> 0 | G2: =SUMPRODUCT((TEXT(每日复盘!$A$3:$A$302,"yyyy-mm")=A2)*(每日复盘!$AC$3:$AC$302="是")) -> 0
A3: 2026-09 | B3: =SUMPRODUCT((TEXT(每日复盘!$A$3:$A$302,"yyyy-mm")=A3)*(每日复盘!$A$3:$A$302<>"")) -> 0 | C3: =SUMPRODUCT((TEXT(每日复盘!$A$3:$A$302,"yyyy-mm")=A3)*(每日复盘!$T$3:$T$302="多头因素占优")) -> 0 | D3: =SUMPRODUCT((TEXT(每日复盘!$A$3:$A$302,"yyyy-mm")=A3)*(每日复盘!$T$3:$T$302="空头因素占优")) -> 0 | E3: =SUMPRODUCT((TEXT(每日复盘!$A$3:$A$302,"yyyy-mm")=A3)*(每日复盘!$T$3:$T$302="多空信号不一致")) -> 0 | F3: =SUMPRODUCT((TEXT(每日复盘!$A$3:$A$302,"yyyy-mm")=A3)*(每日复盘!$T$3:$T$302="无明显方向")) -> 0 | G3: =SUMPRODUCT((TEXT(每日复盘!$A$3:$A$302,"yyyy-mm")=A3)*(每日复盘!$AC$3:$AC$302="是")) -> 0
A4: 2026-10 | B4: =SUMPRODUCT((TEXT(每日复盘!$A$3:$A$302,"yyyy-mm")=A4)*(每日复盘!$A$3:$A$302<>"")) -> 0 | C4: =SUMPRODUCT((TEXT(每日复盘!$A$3:$A$302,"yyyy-mm")=A4)*(每日复盘!$T$3:$T$302="多头因素占优")) -> 0 | D4: =SUMPRODUCT((TEXT(每日复盘!$A$3:$A$302,"yyyy-mm")=A4)*(每日复盘!$T$3:$T$302="空头因素占优")) -> 0 | E4: =SUMPRODUCT((TEXT(每日复盘!$A$3:$A$302,"yyyy-mm")=A4)*(每日复盘!$T$3:$T$302="多空信号不一致")) -> 0 | F4: =SUMPRODUCT((TEXT(每日复盘!$A$3:$A$302,"yyyy-mm")=A4)*(每日复盘!$T$3:$T$302="无明显方向")) -> 0 | G4: =SUMPRODUCT((TEXT(每日复盘!$A$3:$A$302,"yyyy-mm")=A4)*(每日复盘!$AC$3:$AC$302="是")) -> 0
A5: 2026-11 | B5: =SUMPRODUCT((TEXT(每日复盘!$A$3:$A$302,"yyyy-mm")=A5)*(每日复盘!$A$3:$A$302<>"")) -> 0 | C5: =SUMPRODUCT((TEXT(每日复盘!$A$3:$A$302,"yyyy-mm")=A5)*(每日复盘!$T$3:$T$302="多头因素占优")) -> 0 | D5: =SUMPRODUCT((TEXT(每日复盘!$A$3:$A$302,"yyyy-mm")=A5)*(每日复盘!$T$3:$T$302="空头因素占优")) -> 0 | E5: =SUMPRODUCT((TEXT(每日复盘!$A$3:$A$302,"yyyy-mm")=A5)*(每日复盘!$T$3:$T$302="多空信号不一致")) -> 0 | F5: =SUMPRODUCT((TEXT(每日复盘!$A$3:$A$302,"yyyy-mm")=A5)*(每日复盘!$T$3:$T$302="无明显方向")) -> 0 | G5: =SUMPRODUCT((TEXT(每日复盘!$A$3:$A$302,"yyyy-mm")=A5)*(每日复盘!$AC$3:$AC$302="是")) -> 0
A6: 2026-12 | B6: =SUMPRODUCT((TEXT(每日复盘!$A$3:$A$302,"yyyy-mm")=A6)*(每日复盘!$A$3:$A$302<>"")) -> 0 | C6: =SUMPRODUCT((TEXT(每日复盘!$A$3:$A$302,"yyyy-mm")=A6)*(每日复盘!$T$3:$T$302="多头因素占优")) -> 0 | D6: =SUMPRODUCT((TEXT(每日复盘!$A$3:$A$302,"yyyy-mm")=A6)*(每日复盘!$T$3:$T$302="空头因素占优")) -> 0 | E6: =SUMPRODUCT((TEXT(每日复盘!$A$3:$A$302,"yyyy-mm")=A6)*(每日复盘!$T$3:$T$302="多空信号不一致")) -> 0 | F6: =SUMPRODUCT((TEXT(每日复盘!$A$3:$A$302,"yyyy-mm")=A6)*(每日复盘!$T$3:$T$302="无明显方向")) -> 0 | G6: =SUMPRODUCT((TEXT(每日复盘!$A$3:$A$302,"yyyy-mm")=A6)*(每日复盘!$AC$3:$AC$302="是")) -> 0
A7: 2027-01 | B7: =SUMPRODUCT((TEXT(每日复盘!$A$3:$A$302,"yyyy-mm")=A7)*(每日复盘!$A$3:$A$302<>"")) -> 0 | C7: =SUMPRODUCT((TEXT(每日复盘!$A$3:$A$302,"yyyy-mm")=A7)*(每日复盘!$T$3:$T$302="多头因素占优")) -> 0 | D7: =SUMPRODUCT((TEXT(每日复盘!$A$3:$A$302,"yyyy-mm")=A7)*(每日复盘!$T$3:$T$302="空头因素占优")) -> 0 | E7: =SUMPRODUCT((TEXT(每日复盘!$A$3:$A$302,"yyyy-mm")=A7)*(每日复盘!$T$3:$T$302="多空信号不一致")) -> 0 | F7: =SUMPRODUCT((TEXT(每日复盘!$A$3:$A$302,"yyyy-mm")=A7)*(每日复盘!$T$3:$T$302="无明显方向")) -> 0 | G7: =SUMPRODUCT((TEXT(每日复盘!$A$3:$A$302,"yyyy-mm")=A7)*(每日复盘!$AC$3:$AC$302="是")) -> 0
A8: 2027-02 | B8: =SUMPRODUCT((TEXT(每日复盘!$A$3:$A$302,"yyyy-mm")=A8)*(每日复盘!$A$3:$A$302<>"")) -> 0 | C8: =SUMPRODUCT((TEXT(每日复盘!$A$3:$A$302,"yyyy-mm")=A8)*(每日复盘!$T$3:$T$302="多头因素占优")) -> 0 | D8: =SUMPRODUCT((TEXT(每日复盘!$A$3:$A$302,"yyyy-mm")=A8)*(每日复盘!$T$3:$T$302="空头因素占优")) -> 0 | E8: =SUMPRODUCT((TEXT(每日复盘!$A$3:$A$302,"yyyy-mm")=A8)*(每日复盘!$T$3:$T$302="多空信号不一致")) -> 0 | F8: =SUMPRODUCT((TEXT(每日复盘!$A$3:$A$302,"yyyy-mm")=A8)*(每日复盘!$T$3:$T$302="无明显方向")) -> 0 | G8: =SUMPRODUCT((TEXT(每日复盘!$A$3:$A$302,"yyyy-mm")=A8)*(每日复盘!$AC$3:$AC$302="是")) -> 0
A9: 2027-03 | B9: =SUMPRODUCT((TEXT(每日复盘!$A$3:$A$302,"yyyy-mm")=A9)*(每日复盘!$A$3:$A$302<>"")) -> 0 | C9: =SUMPRODUCT((TEXT(每日复盘!$A$3:$A$302,"yyyy-mm")=A9)*(每日复盘!$T$3:$T$302="多头因素占优")) -> 0 | D9: =SUMPRODUCT((TEXT(每日复盘!$A$3:$A$302,"yyyy-mm")=A9)*(每日复盘!$T$3:$T$302="空头因素占优")) -> 0 | E9: =SUMPRODUCT((TEXT(每日复盘!$A$3:$A$302,"yyyy-mm")=A9)*(每日复盘!$T$3:$T$302="多空信号不一致")) -> 0 | F9: =SUMPRODUCT((TEXT(每日复盘!$A$3:$A$302,"yyyy-mm")=A9)*(每日复盘!$T$3:$T$302="无明显方向")) -> 0 | G9: =SUMPRODUCT((TEXT(每日复盘!$A$3:$A$302,"yyyy-mm")=A9)*(每日复盘!$AC$3:$AC$302="是")) -> 0
A10: 2027-04 | B10: =SUMPRODUCT((TEXT(每日复盘!$A$3:$A$302,"yyyy-mm")=A10)*(每日复盘!$A$3:$A$302<>"")) -> 0 | C10: =SUMPRODUCT((TEXT(每日复盘!$A$3:$A$302,"yyyy-mm")=A10)*(每日复盘!$T$3:$T$302="多头因素占优")) -> 0 | D10: =SUMPRODUCT((TEXT(每日复盘!$A$3:$A$302,"yyyy-mm")=A10)*(每日复盘!$T$3:$T$302="空头因素占优")) -> 0 | E10: =SUMPRODUCT((TEXT(每日复盘!$A$3:$A$302,"yyyy-mm")=A10)*(每日复盘!$T$3:$T$302="多空信号不一致")) -> 0 | F10: =SUMPRODUCT((TEXT(每日复盘!$A$3:$A$302,"yyyy-mm")=A10)*(每日复盘!$T$3:$T$302="无明显方向")) -> 0 | G10: =SUMPRODUCT((TEXT(每日复盘!$A$3:$A$302,"yyyy-mm")=A10)*(每日复盘!$AC$3:$AC$302="是")) -> 0
A11: 2027-05 | B11: =SUMPRODUCT((TEXT(每日复盘!$A$3:$A$302,"yyyy-mm")=A11)*(每日复盘!$A$3:$A$302<>"")) -> 0 | C11: =SUMPRODUCT((TEXT(每日复盘!$A$3:$A$302,"yyyy-mm")=A11)*(每日复盘!$T$3:$T$302="多头因素占优")) -> 0 | D11: =SUMPRODUCT((TEXT(每日复盘!$A$3:$A$302,"yyyy-mm")=A11)*(每日复盘!$T$3:$T$302="空头因素占优")) -> 0 | E11: =SUMPRODUCT((TEXT(每日复盘!$A$3:$A$302,"yyyy-mm")=A11)*(每日复盘!$T$3:$T$302="多空信号不一致")) -> 0 | F11: =SUMPRODUCT((TEXT(每日复盘!$A$3:$A$302,"yyyy-mm")=A11)*(每日复盘!$T$3:$T$302="无明显方向")) -> 0 | G11: =SUMPRODUCT((TEXT(每日复盘!$A$3:$A$302,"yyyy-mm")=A11)*(每日复盘!$AC$3:$AC$302="是")) -> 0
A12: 2027-06 | B12: =SUMPRODUCT((TEXT(每日复盘!$A$3:$A$302,"yyyy-mm")=A12)*(每日复盘!$A$3:$A$302<>"")) -> 0 | C12: =SUMPRODUCT((TEXT(每日复盘!$A$3:$A$302,"yyyy-mm")=A12)*(每日复盘!$T$3:$T$302="多头因素占优")) -> 0 | D12: =SUMPRODUCT((TEXT(每日复盘!$A$3:$A$302,"yyyy-mm")=A12)*(每日复盘!$T$3:$T$302="空头因素占优")) -> 0 | E12: =SUMPRODUCT((TEXT(每日复盘!$A$3:$A$302,"yyyy-mm")=A12)*(每日复盘!$T$3:$T$302="多空信号不一致")) -> 0 | F12: =SUMPRODUCT((TEXT(每日复盘!$A$3:$A$302,"yyyy-mm")=A12)*(每日复盘!$T$3:$T$302="无明显方向")) -> 0 | G12: =SUMPRODUCT((TEXT(每日复盘!$A$3:$A$302,"yyyy-mm")=A12)*(每日复盘!$AC$3:$AC$302="是")) -> 0
A13: 2027-07 | B13: =SUMPRODUCT((TEXT(每日复盘!$A$3:$A$302,"yyyy-mm")=A13)*(每日复盘!$A$3:$A$302<>"")) -> 0 | C13: =SUMPRODUCT((TEXT(每日复盘!$A$3:$A$302,"yyyy-mm")=A13)*(每日复盘!$T$3:$T$302="多头因素占优")) -> 0 | D13: =SUMPRODUCT((TEXT(每日复盘!$A$3:$A$302,"yyyy-mm")=A13)*(每日复盘!$T$3:$T$302="空头因素占优")) -> 0 | E13: =SUMPRODUCT((TEXT(每日复盘!$A$3:$A$302,"yyyy-mm")=A13)*(每日复盘!$T$3:$T$302="多空信号不一致")) -> 0 | F13: =SUMPRODUCT((TEXT(每日复盘!$A$3:$A$302,"yyyy-mm")=A13)*(每日复盘!$T$3:$T$302="无明显方向")) -> 0 | G13: =SUMPRODUCT((TEXT(每日复盘!$A$3:$A$302,"yyyy-mm")=A13)*(每日复盘!$AC$3:$AC$302="是")) -> 0
A15: 说明：这张表全部是公式，跟着「每日复盘」sheet自动更新，不需要手填。如果「每日复盘」以后加了更多行，需要把上面几个SUMPRODUCT公式里的$A$3:$A$302等区域范围同步扩大。
